<?xml version="1.0" encoding="utf-8"?>
<manifest identifier="mpm2Kv4hykxGN" xmlns="http://www.imsglobal.org/xsd/imscp_v1p1" xmlns:imsss="http://www.imsglobal.org/xsd/imsss" xmlns:adlcp="http://www.adlnet.org/xsd/adlcp_v1p3" xmlns:adlseq="http://www.adlnet.org/xsd/adlseq_v1p3" xmlns:adlnav="http://www.adlnet.org/xsd/adlnav_v1p3" xmlns:lom="http://ltsc.ieee.org/xsd/LOM" xmlns:xsi="http://www.w3.org/2001/XMLSchema-instance" xsi:schemaLocation="http://www.imsglobal.org/xsd/imscp_v1p1 imscp_v1p1.xsd http://www.imsglobal.org/xsd/imsss imsss_v1p0.xsd http://www.adlnet.org/xsd/adlcp_v1p3 adlcp_v1p3.xsd http://www.adlnet.org/xsd/adlseq_v1p3 adlseq_v1p3.xsd http://www.adlnet.org/xsd/adlnav_v1p3 adlnav_v1p3.xsd http://ltsc.ieee.org/xsd/LOM lom.xsd">
<metadata>
<schema>ADL SCORM</schema>
<schemaversion>2004 4th Edition</schemaversion>
<lom:lom>
<lom:general>
<lom:title>
<lom:string>normativnie osnovi proectirovania i stroitelstva_19.03</lom:string>
</lom:title>
</lom:general>
<lom:educational>
<lom:typicalLearningTime>
<lom:duration>PT1H0M0S</lom:duration>
</lom:typicalLearningTime>
</lom:educational>
</lom:lom>
</metadata>
<organizations default="normativnie_osnovi_proectirovania_i_stroitelstva_19.03_organization">
<organization identifier="normativnie_osnovi_proectirovania_i_stroitelstva_19.03_organization">
<title>normativnie osnovi proectirovania i stroitelstva_19.03</title>
<item identifier="DEB45CEB-EB9E-4202-9656-361C52DD1402" identifierref="resource">
<title>normativnie osnovi proectirovania i stroitelstva_19.03</title>
<imsss:sequencing>
<imsss:deliveryControls completionSetByContent="true" objectiveSetByContent="true"/>
</imsss:sequencing>
</item>
<imsss:sequencing>
<imsss:controlMode flow="true"/>
</imsss:sequencing>
</organization>
</organizations>
<resources>
<resource identifier="resource" type="webcontent" adlcp:scormType="sco" href="res/index.html">
<file href="res/index.html"/>
<file href="res/lms.js"/>
<file href="res/data/slide1.js"/>
<file href="res/data/slide1.css"/>
<file href="res/data/slide2.js"/>
<file href="res/data/slide2.css"/>
<file href="res/data/slide3.js"/>
<file href="res/data/slide3.css"/>
<file href="res/data/slide4.js"/>
<file href="res/data/slide4.css"/>
<file href="res/data/slide5.js"/>
<file href="res/data/slide5.css"/>
<file href="res/data/slide6.js"/>
<file href="res/data/slide6.css"/>
<file href="res/data/slide7.js"/>
<file href="res/data/slide7.css"/>
<file href="res/data/slide8.js"/>
<file href="res/data/slide8.css"/>
<file href="res/data/slide9.js"/>
<file href="res/data/slide9.css"/>
<file href="res/data/slide10.js"/>
<file href="res/data/slide10.css"/>
<file href="res/data/slide11.js"/>
<file href="res/data/slide11.css"/>
<file href="res/data/slide12.js"/>
<file href="res/data/slide12.css"/>
<file href="res/data/slide13.js"/>
<file href="res/data/slide13.css"/>
<file href="res/data/slide14.js"/>
<file href="res/data/slide14.css"/>
<file href="res/data/wo1/Glossary.docx.htm"/>
<file href="res/data/slide15.js"/>
<file href="res/data/slide15.css"/>
<file href="res/data/slide16.js"/>
<file href="res/data/slide16.css"/>
<file href="res/data/slide17.js"/>
<file href="res/data/slide17.css"/>
<file href="res/data/slide18.js"/>
<file href="res/data/slide18.css"/>
<file href="res/data/slide19.js"/>
<file href="res/data/slide19.css"/>
<file href="res/data/slide20.js"/>
<file href="res/data/slide20.css"/>
<file href="res/data/quiz1.js"/>
<file href="res/data/quiz1/fonts/fnt0.woff"/>
<file href="res/data/quiz1/fonts/fnt1.woff"/>
<file href="res/data/quiz1/fonts/fnt2.woff"/>
<file href="res/data/quiz1/images/img-39bdf23fe2693284e7df6e06e641857dd99ba5d4.png"/>
<file href="res/data/quiz1/images/quiz_bg_0.png"/>
<file href="res/data/slide22.js"/>
<file href="res/data/slide22.css"/>
<file href="res/data/slide23.js"/>
<file href="res/data/slide23.css"/>
<file href="res/data/slide24.js"/>
<file href="res/data/slide24.css"/>
<file href="res/data/slide25.js"/>
<file href="res/data/slide25.css"/>
<file href="res/data/slide26.js"/>
<file href="res/data/slide26.css"/>
<file href="res/data/slide27.js"/>
<file href="res/data/slide27.css"/>
<file href="res/data/slide28.js"/>
<file href="res/data/slide28.css"/>
<file href="res/data/slide29.js"/>
<file href="res/data/slide29.css"/>
<file href="res/data/slide30.js"/>
<file href="res/data/slide30.css"/>
<file href="res/data/slide31.js"/>
<file href="res/data/slide31.css"/>
<file href="res/data/slide32.js"/>
<file href="res/data/slide32.css"/>
<file href="res/data/slide33.js"/>
<file href="res/data/slide33.css"/>
<file href="res/data/slide34.js"/>
<file href="res/data/slide34.css"/>
<file href="res/data/quiz2.js"/>
<file href="res/data/quiz2/fonts/fnt0.woff"/>
<file href="res/data/quiz2/fonts/fnt1.woff"/>
<file href="res/data/quiz2/fonts/fnt2.woff"/>
<file href="res/data/quiz2/fonts/fnt3.woff"/>
<file href="res/data/quiz2/fonts/fnt4.woff"/>
<file href="res/data/quiz2/fonts/fnt5.woff"/>
<file href="res/data/quiz2/images/img-36a06f0658ff713b569081da4fb558702bd59697.png"/>
<file href="res/data/quiz2/images/img-4f1f9eec5243631cbc6de0be9b57486e1c0d4938.png"/>
<file href="res/data/quiz2/images/img-83c0fe9c37cdfb76182a7c5d54089a19995c4234.png"/>
<file href="res/data/quiz2/images/img-8ef6eb1f13bd3819d0ff124f6961a0430709b856.png"/>
<file href="res/data/quiz2/images/img-c50137d10231d195386453247244ef090a05cc07.png"/>
<file href="res/data/quiz2/images/img-daecf6ec8d214a14dcbd03368b8d9e641196eaf5.png"/>
<file href="res/data/quiz2/images/quiz_bg_1.png"/>
<file href="res/data/slide36.js"/>
<file href="res/data/slide36.css"/>
<file href="res/data/slide37.js"/>
<file href="res/data/slide37.css"/>
<file href="res/data/slide38.js"/>
<file href="res/data/slide38.css"/>
<file href="res/data/slide39.js"/>
<file href="res/data/slide39.css"/>
<file href="res/data/slide40.js"/>
<file href="res/data/slide40.css"/>
<file href="res/data/slide41.js"/>
<file href="res/data/slide41.css"/>
<file href="res/data/slide42.js"/>
<file href="res/data/slide42.css"/>
<file href="res/data/slide43.js"/>
<file href="res/data/slide43.css"/>
<file href="res/data/slide44.js"/>
<file href="res/data/slide44.css"/>
<file href="res/data/slide45.js"/>
<file href="res/data/slide45.css"/>
<file href="res/data/slide46.js"/>
<file href="res/data/slide46.css"/>
<file href="res/data/slide47.js"/>
<file href="res/data/slide47.css"/>
<file href="res/data/slide48.js"/>
<file href="res/data/slide48.css"/>
<file href="res/data/slide49.js"/>
<file href="res/data/slide49.css"/>
<file href="res/data/quiz3.js"/>
<file href="res/data/quiz3/fonts/fnt0.woff"/>
<file href="res/data/quiz3/fonts/fnt1.woff"/>
<file href="res/data/quiz3/fonts/fnt2.woff"/>
<file href="res/data/quiz3/fonts/fnt3.woff"/>
<file href="res/data/quiz3/images/img-0707e29a59cc8ecadfc73a0e89a5f51be639d6f7.png"/>
<file href="res/data/quiz3/images/img-1299c587024d41cea04a792f055d2e721f07dd82.png"/>
<file href="res/data/quiz3/images/img-1b936159fd3426f85925a45c4f5beb4504d4287a.png"/>
<file href="res/data/quiz3/images/img-8cb9b091ffc9d97f5222a058928f327ea19abd5d.png"/>
<file href="res/data/quiz3/images/img-b767455aaa4274d91582a8e77afffa971ad0ba20.png"/>
<file href="res/data/quiz3/images/img-eb1c3a883829b3155e77432697bbf6a9fc4a463d.png"/>
<file href="res/data/quiz3/images/img-fc0d5f70412c9419167b208c924d13ac81a0aa22.png"/>
<file href="res/data/quiz3/images/quiz_bg_1.png"/>
<file href="res/data/slide51.js"/>
<file href="res/data/slide51.css"/>
<file href="res/data/slide52.js"/>
<file href="res/data/slide52.css"/>
<file href="res/data/slide53.js"/>
<file href="res/data/slide53.css"/>
<file href="res/data/slide54.js"/>
<file href="res/data/slide54.css"/>
<file href="res/data/slide55.js"/>
<file href="res/data/slide55.css"/>
<file href="res/data/slide56.js"/>
<file href="res/data/slide56.css"/>
<file href="res/data/slide57.js"/>
<file href="res/data/slide57.css"/>
<file href="res/data/slide58.js"/>
<file href="res/data/slide58.css"/>
<file href="res/data/slide59.js"/>
<file href="res/data/slide59.css"/>
<file href="res/data/slide60.js"/>
<file href="res/data/slide60.css"/>
<file href="res/data/slide61.js"/>
<file href="res/data/slide61.css"/>
<file href="res/data/quiz4.js"/>
<file href="res/data/quiz4/fonts/fnt0.woff"/>
<file href="res/data/quiz4/fonts/fnt1.woff"/>
<file href="res/data/quiz4/fonts/fnt2.woff"/>
<file href="res/data/quiz4/fonts/fnt3.woff"/>
<file href="res/data/quiz4/fonts/fnt4.woff"/>
<file href="res/data/quiz4/images/img-83c0fe9c37cdfb76182a7c5d54089a19995c4234.png"/>
<file href="res/data/quiz4/images/quiz_bg_0.png"/>
<file href="res/data/slide63.js"/>
<file href="res/data/slide63.css"/>
<file href="res/data/slide64.js"/>
<file href="res/data/slide64.css"/>
<file href="res/data/slide65.js"/>
<file href="res/data/slide65.css"/>
<file href="res/data/slide66.js"/>
<file href="res/data/slide66.css"/>
<file href="res/data/slide67.js"/>
<file href="res/data/slide67.css"/>
<file href="res/data/slide68.js"/>
<file href="res/data/slide68.css"/>
<file href="res/data/quiz5.js"/>
<file href="res/data/quiz5/fonts/fnt0.woff"/>
<file href="res/data/quiz5/fonts/fnt1.woff"/>
<file href="res/data/quiz5/fonts/fnt2.woff"/>
<file href="res/data/quiz5/fonts/fnt3.woff"/>
<file href="res/data/quiz5/fonts/fnt4.woff"/>
<file href="res/data/quiz5/fonts/fnt5.woff"/>
<file href="res/data/quiz5/images/img-83c0fe9c37cdfb76182a7c5d54089a19995c4234.png"/>
<file href="res/data/quiz5/images/quiz_bg_0.png"/>
<file href="res/data/slide70.js"/>
<file href="res/data/slide70.css"/>
<file href="res/data/slide71.js"/>
<file href="res/data/slide71.css"/>
<file href="res/data/slide72.js"/>
<file href="res/data/slide72.css"/>
<file href="res/data/slide73.js"/>
<file href="res/data/slide73.css"/>
<file href="res/data/slide74.js"/>
<file href="res/data/slide74.css"/>
<file href="res/data/slide75.js"/>
<file href="res/data/slide75.css"/>
<file href="res/data/slide76.js"/>
<file href="res/data/slide76.css"/>
<file href="res/data/slide77.js"/>
<file href="res/data/slide77.css"/>
<file href="res/data/slide78.js"/>
<file href="res/data/slide78.css"/>
<file href="res/data/slide79.js"/>
<file href="res/data/slide79.css"/>
<file href="res/data/slide80.js"/>
<file href="res/data/slide80.css"/>
<file href="res/data/slide81.js"/>
<file href="res/data/slide81.css"/>
<file href="res/data/slide82.js"/>
<file href="res/data/slide82.css"/>
<file href="res/data/slide83.js"/>
<file href="res/data/slide83.css"/>
<file href="res/data/slide84.js"/>
<file href="res/data/slide84.css"/>
<file href="res/data/slide85.js"/>
<file href="res/data/slide85.css"/>
<file href="res/data/slide86.js"/>
<file href="res/data/slide86.css"/>
<file href="res/data/slide87.js"/>
<file href="res/data/slide87.css"/>
<file href="res/data/slide88.js"/>
<file href="res/data/slide88.css"/>
<file href="res/data/slide89.js"/>
<file href="res/data/slide89.css"/>
<file href="res/data/slide90.js"/>
<file href="res/data/slide90.css"/>
<file href="res/data/slide91.js"/>
<file href="res/data/slide91.css"/>
<file href="res/data/slide92.js"/>
<file href="res/data/slide92.css"/>
<file href="res/data/quiz6.js"/>
<file href="res/data/quiz6/fonts/fnt0.woff"/>
<file href="res/data/quiz6/fonts/fnt1.woff"/>
<file href="res/data/quiz6/fonts/fnt2.woff"/>
<file href="res/data/quiz6/fonts/fnt3.woff"/>
<file href="res/data/quiz6/fonts/fnt4.woff"/>
<file href="res/data/quiz6/fonts/fnt5.woff"/>
<file href="res/data/quiz6/images/img-83c0fe9c37cdfb76182a7c5d54089a19995c4234.png"/>
<file href="res/data/quiz6/images/quiz_bg_2.png"/>
<file href="res/data/slide94.js"/>
<file href="res/data/slide94.css"/>
<file href="res/data/slide95.js"/>
<file href="res/data/slide95.css"/>
<file href="res/data/slide96.js"/>
<file href="res/data/slide96.css"/>
<file href="res/data/quiz7.js"/>
<file href="res/data/quiz7/fonts/fnt0.woff"/>
<file href="res/data/quiz7/fonts/fnt1.woff"/>
<file href="res/data/quiz7/fonts/fnt2.woff"/>
<file href="res/data/quiz7/fonts/fnt3.woff"/>
<file href="res/data/quiz7/fonts/fnt4.woff"/>
<file href="res/data/quiz7/fonts/fnt5.woff"/>
<file href="res/data/quiz7/fonts/fnt6.woff"/>
<file href="res/data/quiz7/images/img-83c0fe9c37cdfb76182a7c5d54089a19995c4234.png"/>
<file href="res/data/quiz7/images/quiz_bg_2.png"/>
<file href="res/data/slide98.js"/>
<file href="res/data/slide98.css"/>
<file href="res/data/slide99.js"/>
<file href="res/data/slide99.css"/>
<file href="res/data/slide100.js"/>
<file href="res/data/slide100.css"/>
<file href="res/data/slide101.js"/>
<file href="res/data/slide101.css"/>
<file href="res/data/slide102.js"/>
<file href="res/data/slide102.css"/>
<file href="res/data/slide103.js"/>
<file href="res/data/slide103.css"/>
<file href="res/data/slide104.js"/>
<file href="res/data/slide104.css"/>
<file href="res/data/slide105.js"/>
<file href="res/data/slide105.css"/>
<file href="res/data/slide106.js"/>
<file href="res/data/slide106.css"/>
<file href="res/data/slide107.js"/>
<file href="res/data/slide107.css"/>
<file href="res/data/slide108.js"/>
<file href="res/data/slide108.css"/>
<file href="res/data/slide109.js"/>
<file href="res/data/slide109.css"/>
<file href="res/data/slide110.js"/>
<file href="res/data/slide110.css"/>
<file href="res/data/slide111.js"/>
<file href="res/data/slide111.css"/>
<file href="res/data/slide112.js"/>
<file href="res/data/slide112.css"/>
<file href="res/data/slide113.js"/>
<file href="res/data/slide113.css"/>
<file href="res/data/slide114.js"/>
<file href="res/data/slide114.css"/>
<file href="res/data/slide115.js"/>
<file href="res/data/slide115.css"/>
<file href="res/data/slide116.js"/>
<file href="res/data/slide116.css"/>
<file href="res/data/slide117.js"/>
<file href="res/data/slide117.css"/>
<file href="res/data/quiz8.js"/>
<file href="res/data/quiz8/fonts/fnt0.woff"/>
<file href="res/data/quiz8/fonts/fnt1.woff"/>
<file href="res/data/quiz8/fonts/fnt2.woff"/>
<file href="res/data/quiz8/fonts/fnt3.woff"/>
<file href="res/data/quiz8/fonts/fnt4.woff"/>
<file href="res/data/quiz8/fonts/fnt5.woff"/>
<file href="res/data/quiz8/images/img-83c0fe9c37cdfb76182a7c5d54089a19995c4234.png"/>
<file href="res/data/quiz8/images/quiz_bg_2.png"/>
<file href="res/data/slide119.js"/>
<file href="res/data/slide119.css"/>
<file href="res/data/slide120.js"/>
<file href="res/data/slide120.css"/>
<file href="res/data/slide121.js"/>
<file href="res/data/slide121.css"/>
<file href="res/data/slide122.js"/>
<file href="res/data/slide122.css"/>
<file href="res/data/slide123.js"/>
<file href="res/data/slide123.css"/>
<file href="res/data/slide124.js"/>
<file href="res/data/slide124.css"/>
<file href="res/data/slide125.js"/>
<file href="res/data/slide125.css"/>
<file href="res/data/slide126.js"/>
<file href="res/data/slide126.css"/>
<file href="res/data/slide127.js"/>
<file href="res/data/slide127.css"/>
<file href="res/data/slide128.js"/>
<file href="res/data/slide128.css"/>
<file href="res/data/slide129.js"/>
<file href="res/data/slide129.css"/>
<file href="res/data/slide130.js"/>
<file href="res/data/slide130.css"/>
<file href="res/data/slide131.js"/>
<file href="res/data/slide131.css"/>
<file href="res/data/slide132.js"/>
<file href="res/data/slide132.css"/>
<file href="res/data/slide133.js"/>
<file href="res/data/slide133.css"/>
<file href="res/data/slide134.js"/>
<file href="res/data/slide134.css"/>
<file href="res/data/slide135.js"/>
<file href="res/data/slide135.css"/>
<file href="res/data/slide136.js"/>
<file href="res/data/slide136.css"/>
<file href="res/data/slide137.js"/>
<file href="res/data/slide137.css"/>
<file href="res/data/slide138.js"/>
<file href="res/data/slide138.css"/>
<file href="res/data/slide139.js"/>
<file href="res/data/slide139.css"/>
<file href="res/data/slide140.js"/>
<file href="res/data/slide140.css"/>
<file href="res/data/slide141.js"/>
<file href="res/data/slide141.css"/>
<file href="res/data/slide142.js"/>
<file href="res/data/slide142.css"/>
<file href="res/data/slide143.js"/>
<file href="res/data/slide143.css"/>
<file href="res/data/slide144.js"/>
<file href="res/data/slide144.css"/>
<file href="res/data/slide145.js"/>
<file href="res/data/slide145.css"/>
<file href="res/data/quiz9.js"/>
<file href="res/data/quiz9/fonts/fnt0.woff"/>
<file href="res/data/quiz9/fonts/fnt1.woff"/>
<file href="res/data/quiz9/fonts/fnt2.woff"/>
<file href="res/data/quiz9/fonts/fnt3.woff"/>
<file href="res/data/quiz9/fonts/fnt4.woff"/>
<file href="res/data/quiz9/images/img-83c0fe9c37cdfb76182a7c5d54089a19995c4234.png"/>
<file href="res/data/quiz9/images/quiz_bg_3.png"/>
<file href="res/data/slide147.js"/>
<file href="res/data/slide147.css"/>
<file href="res/data/quiz10.js"/>
<file href="res/data/quiz10/fonts/fnt0.woff"/>
<file href="res/data/quiz10/fonts/fnt1.woff"/>
<file href="res/data/quiz10/fonts/fnt2.woff"/>
<file href="res/data/quiz10/fonts/fnt3.woff"/>
<file href="res/data/quiz10/fonts/fnt4.woff"/>
<file href="res/data/quiz10/images/img-7bb1d98400b00cb4ad059b21fa19b67bb99ee1da.png"/>
<file href="res/data/quiz10/images/img-83c0fe9c37cdfb76182a7c5d54089a19995c4234.png"/>
<file href="res/data/quiz10/images/quiz_bg_3.png"/>
<file href="res/data/slide149.js"/>
<file href="res/data/slide149.css"/>
<file href="res/data/slide150.js"/>
<file href="res/data/slide150.css"/>
<file href="res/data/slide151.js"/>
<file href="res/data/slide151.css"/>
<file href="res/data/slide152.js"/>
<file href="res/data/slide152.css"/>
<file href="res/data/slide153.js"/>
<file href="res/data/slide153.css"/>
<file href="res/data/slide154.js"/>
<file href="res/data/slide154.css"/>
<file href="res/data/slide155.js"/>
<file href="res/data/slide155.css"/>
<file href="res/data/slide156.js"/>
<file href="res/data/slide156.css"/>
<file href="res/data/slide157.js"/>
<file href="res/data/slide157.css"/>
<file href="res/data/slide158.js"/>
<file href="res/data/slide158.css"/>
<file href="res/data/slide159.js"/>
<file href="res/data/slide159.css"/>
<file href="res/data/slide160.js"/>
<file href="res/data/slide160.css"/>
<file href="res/data/slide161.js"/>
<file href="res/data/slide161.css"/>
<file href="res/data/slide162.js"/>
<file href="res/data/slide162.css"/>
<file href="res/data/slide163.js"/>
<file href="res/data/slide163.css"/>
<file href="res/data/slide164.js"/>
<file href="res/data/slide164.css"/>
<file href="res/data/slide165.js"/>
<file href="res/data/slide165.css"/>
<file href="res/data/slide166.js"/>
<file href="res/data/slide166.css"/>
<file href="res/data/slide167.js"/>
<file href="res/data/slide167.css"/>
<file href="res/data/slide168.js"/>
<file href="res/data/slide168.css"/>
<file href="res/data/slide169.js"/>
<file href="res/data/slide169.css"/>
<file href="res/data/slide170.js"/>
<file href="res/data/slide170.css"/>
<file href="res/data/slide171.js"/>
<file href="res/data/slide171.css"/>
<file href="res/data/slide172.js"/>
<file href="res/data/slide172.css"/>
<file href="res/data/slide173.js"/>
<file href="res/data/slide173.css"/>
<file href="res/data/slide174.js"/>
<file href="res/data/slide174.css"/>
<file href="res/data/slide175.js"/>
<file href="res/data/slide175.css"/>
<file href="res/data/slide176.js"/>
<file href="res/data/slide176.css"/>
<file href="res/data/slide177.js"/>
<file href="res/data/slide177.css"/>
<file href="res/data/slide178.js"/>
<file href="res/data/slide178.css"/>
<file href="res/data/slide179.js"/>
<file href="res/data/slide179.css"/>
<file href="res/data/slide180.js"/>
<file href="res/data/slide180.css"/>
<file href="res/data/slide181.js"/>
<file href="res/data/slide181.css"/>
<file href="res/data/slide182.js"/>
<file href="res/data/slide182.css"/>
<file href="res/data/slide183.js"/>
<file href="res/data/slide183.css"/>
<file href="res/data/slide184.js"/>
<file href="res/data/slide184.css"/>
<file href="res/data/slide185.js"/>
<file href="res/data/slide185.css"/>
<file href="res/data/quiz11.js"/>
<file href="res/data/quiz11/fonts/fnt0.woff"/>
<file href="res/data/quiz11/fonts/fnt1.woff"/>
<file href="res/data/quiz11/fonts/fnt2.woff"/>
<file href="res/data/quiz11/fonts/fnt3.woff"/>
<file href="res/data/quiz11/fonts/fnt4.woff"/>
<file href="res/data/quiz11/images/img-83c0fe9c37cdfb76182a7c5d54089a19995c4234.png"/>
<file href="res/data/quiz11/images/quiz_bg_4.png"/>
<file href="res/data/slide187.js"/>
<file href="res/data/slide187.css"/>
<file href="res/data/quiz12.js"/>
<file href="res/data/quiz12/fonts/fnt0.woff"/>
<file href="res/data/quiz12/fonts/fnt1.woff"/>
<file href="res/data/quiz12/fonts/fnt2.woff"/>
<file href="res/data/quiz12/fonts/fnt3.woff"/>
<file href="res/data/quiz12/fonts/fnt4.woff"/>
<file href="res/data/quiz12/fonts/fnt5.woff"/>
<file href="res/data/quiz12/images/img-7bb1d98400b00cb4ad059b21fa19b67bb99ee1da.png"/>
<file href="res/data/quiz12/images/img-83c0fe9c37cdfb76182a7c5d54089a19995c4234.png"/>
<file href="res/data/quiz12/images/quiz_bg_4.png"/>
<file href="res/data/slide189.js"/>
<file href="res/data/slide189.css"/>
<file href="res/data/slide190.js"/>
<file href="res/data/slide190.css"/>
<file href="res/data/quizplayer.js"/>
<file href="res/index.html"/>
<file href="res/data/player.js"/>
<file href="res/data/browsersupport.js"/>
<file href="res/data/apple-touch-icon.png"/>
<file href="res/data/favicon.ico"/>
<file href="res/data/fnt0.woff"/>
<file href="res/data/fnt1.woff"/>
<file href="res/data/fnt10.woff"/>
<file href="res/data/fnt11.woff"/>
<file href="res/data/fnt12.woff"/>
<file href="res/data/fnt13.woff"/>
<file href="res/data/fnt14.woff"/>
<file href="res/data/fnt15.woff"/>
<file href="res/data/fnt16.woff"/>
<file href="res/data/fnt17.woff"/>
<file href="res/data/fnt2.woff"/>
<file href="res/data/fnt3.woff"/>
<file href="res/data/fnt4.woff"/>
<file href="res/data/fnt5.woff"/>
<file href="res/data/fnt6.woff"/>
<file href="res/data/fnt7.woff"/>
<file href="res/data/fnt8.woff"/>
<file href="res/data/fnt9.woff"/>
<file href="res/data/html5-unsupported.html"/>
<file href="res/data/html5.png"/>
<file href="res/data/img0.png"/>
<file href="res/data/img1.png"/>
<file href="res/data/img10.png"/>
<file href="res/data/img100.png"/>
<file href="res/data/img101.png"/>
<file href="res/data/img102.png"/>
<file href="res/data/img103.png"/>
<file href="res/data/img104.png"/>
<file href="res/data/img105.png"/>
<file href="res/data/img106.png"/>
<file href="res/data/img107.png"/>
<file href="res/data/img108.png"/>
<file href="res/data/img109.png"/>
<file href="res/data/img11.png"/>
<file href="res/data/img110.png"/>
<file href="res/data/img111.png"/>
<file href="res/data/img112.png"/>
<file href="res/data/img113.png"/>
<file href="res/data/img12.png"/>
<file href="res/data/img13.png"/>
<file href="res/data/img14.png"/>
<file href="res/data/img15.png"/>
<file href="res/data/img16.png"/>
<file href="res/data/img17.png"/>
<file href="res/data/img18.png"/>
<file href="res/data/img19.png"/>
<file href="res/data/img2.png"/>
<file href="res/data/img20.png"/>
<file href="res/data/img21.png"/>
<file href="res/data/img22.png"/>
<file href="res/data/img23.png"/>
<file href="res/data/img24.png"/>
<file href="res/data/img25.png"/>
<file href="res/data/img26.png"/>
<file href="res/data/img27.png"/>
<file href="res/data/img28.png"/>
<file href="res/data/img29.png"/>
<file href="res/data/img3.png"/>
<file href="res/data/img30.png"/>
<file href="res/data/img31.png"/>
<file href="res/data/img32.png"/>
<file href="res/data/img33.png"/>
<file href="res/data/img34.png"/>
<file href="res/data/img35.png"/>
<file href="res/data/img36.png"/>
<file href="res/data/img37.png"/>
<file href="res/data/img38.png"/>
<file href="res/data/img39.png"/>
<file href="res/data/img4.png"/>
<file href="res/data/img40.png"/>
<file href="res/data/img41.png"/>
<file href="res/data/img42.png"/>
<file href="res/data/img43.png"/>
<file href="res/data/img44.png"/>
<file href="res/data/img45.png"/>
<file href="res/data/img46.png"/>
<file href="res/data/img47.png"/>
<file href="res/data/img48.png"/>
<file href="res/data/img49.png"/>
<file href="res/data/img5.png"/>
<file href="res/data/img50.png"/>
<file href="res/data/img51.png"/>
<file href="res/data/img52.png"/>
<file href="res/data/img53.png"/>
<file href="res/data/img54.png"/>
<file href="res/data/img55.png"/>
<file href="res/data/img56.png"/>
<file href="res/data/img57.png"/>
<file href="res/data/img58.png"/>
<file href="res/data/img59.png"/>
<file href="res/data/img6.png"/>
<file href="res/data/img60.png"/>
<file href="res/data/img61.png"/>
<file href="res/data/img62.png"/>
<file href="res/data/img63.png"/>
<file href="res/data/img64.png"/>
<file href="res/data/img65.png"/>
<file href="res/data/img66.png"/>
<file href="res/data/img67.png"/>
<file href="res/data/img68.png"/>
<file href="res/data/img69.png"/>
<file href="res/data/img7.png"/>
<file href="res/data/img70.png"/>
<file href="res/data/img71.png"/>
<file href="res/data/img72.png"/>
<file href="res/data/img73.png"/>
<file href="res/data/img74.png"/>
<file href="res/data/img75.png"/>
<file href="res/data/img76.png"/>
<file href="res/data/img77.png"/>
<file href="res/data/img78.png"/>
<file href="res/data/img79.png"/>
<file href="res/data/img8.png"/>
<file href="res/data/img80.png"/>
<file href="res/data/img81.png"/>
<file href="res/data/img82.png"/>
<file href="res/data/img83.png"/>
<file href="res/data/img84.png"/>
<file href="res/data/img85.png"/>
<file href="res/data/img86.png"/>
<file href="res/data/img87.png"/>
<file href="res/data/img88.png"/>
<file href="res/data/img89.png"/>
<file href="res/data/img9.png"/>
<file href="res/data/img90.png"/>
<file href="res/data/img91.png"/>
<file href="res/data/img92.png"/>
<file href="res/data/img93.png"/>
<file href="res/data/img94.png"/>
<file href="res/data/img95.png"/>
<file href="res/data/img96.png"/>
<file href="res/data/img97.png"/>
<file href="res/data/img98.png"/>
<file href="res/data/img99.png"/>
<file href="res/data/quiz_bg_0.png"/>
<file href="res/data/quiz_bg_1.png"/>
<file href="res/data/quiz_bg_2.png"/>
<file href="res/data/quiz_bg_3.png"/>
<file href="res/data/quiz_bg_4.png"/>
</resource>
</resources>
</manifest>
