<?xml version="1.0" encoding="utf-8"?>
<manifest identifier="SBo1hlKZ8YC3M" xmlns="http://www.imsglobal.org/xsd/imscp_v1p1" xmlns:imsss="http://www.imsglobal.org/xsd/imsss" xmlns:adlcp="http://www.adlnet.org/xsd/adlcp_v1p3" xmlns:adlseq="http://www.adlnet.org/xsd/adlseq_v1p3" xmlns:adlnav="http://www.adlnet.org/xsd/adlnav_v1p3" xmlns:lom="http://ltsc.ieee.org/xsd/LOM" xmlns:xsi="http://www.w3.org/2001/XMLSchema-instance" xsi:schemaLocation="http://www.imsglobal.org/xsd/imscp_v1p1 imscp_v1p1.xsd http://www.imsglobal.org/xsd/imsss imsss_v1p0.xsd http://www.adlnet.org/xsd/adlcp_v1p3 adlcp_v1p3.xsd http://www.adlnet.org/xsd/adlseq_v1p3 adlseq_v1p3.xsd http://www.adlnet.org/xsd/adlnav_v1p3 adlnav_v1p3.xsd http://ltsc.ieee.org/xsd/LOM lom.xsd">
<metadata>
<schema>ADL SCORM</schema>
<schemaversion>CAM 1.3</schemaversion>
<lom:lom>
<lom:general>
<lom:title>
<lom:string>normativnie osnovi proectirovania i stroitelstva_05.02</lom:string>
</lom:title>
</lom:general>
<lom:educational>
<lom:typicalLearningTime>
<lom:duration>PT1H0M0S</lom:duration>
</lom:typicalLearningTime>
</lom:educational>
<lom:metaMetadata>
<lom:metadataSchema>LOMv1.0</lom:metadataSchema>
<lom:metadataSchema>SCORM_CAM_v1.3</lom:metadataSchema>
</lom:metaMetadata>
</lom:lom>
</metadata>
<organizations default="normativnie_osnovi_proectirovania_i_stroitelstva_05.02_organization">
<organization identifier="normativnie_osnovi_proectirovania_i_stroitelstva_05.02_organization">
<title>normativnie osnovi proectirovania i stroitelstva_05.02</title>
<item identifier="DEB45CEB-EB9E-4202-9656-361C52DD1402" identifierref="resource">
<title>normativnie osnovi proectirovania i stroitelstva_05.02</title>
<imsss:sequencing>
<imsss:deliveryControls completionSetByContent="true" objectiveSetByContent="true"/>
</imsss:sequencing>
</item>
<imsss:sequencing>
<imsss:controlMode flow="true"/>
</imsss:sequencing>
</organization>
</organizations>
<resources>
<resource identifier="resource" type="webcontent" adlcp:scormType="sco" href="res/index.html">
<file href="res/index.html"/>
<file href="res/lms.js"/>
<file href="res/data/slide1.js"/>
<file href="res/data/slide1.css"/>
<file href="res/data/slide2.js"/>
<file href="res/data/slide2.css"/>
<file href="res/data/slide3.js"/>
<file href="res/data/slide3.css"/>
<file href="res/data/slide4.js"/>
<file href="res/data/slide4.css"/>
<file href="res/data/slide5.js"/>
<file href="res/data/slide5.css"/>
<file href="res/data/slide6.js"/>
<file href="res/data/slide6.css"/>
<file href="res/data/slide7.js"/>
<file href="res/data/slide7.css"/>
<file href="res/data/wo1/Glossary.docx.htm"/>
<file href="res/data/slide8.js"/>
<file href="res/data/slide8.css"/>
<file href="res/data/slide9.js"/>
<file href="res/data/slide9.css"/>
<file href="res/data/slide10.js"/>
<file href="res/data/slide10.css"/>
<file href="res/data/wo2/Glossary.docx.htm"/>
<file href="res/data/slide11.js"/>
<file href="res/data/slide11.css"/>
<file href="res/data/slide12.js"/>
<file href="res/data/slide12.css"/>
<file href="res/data/slide13.js"/>
<file href="res/data/slide13.css"/>
<file href="res/data/slide14.js"/>
<file href="res/data/slide14.css"/>
<file href="res/data/slide15.js"/>
<file href="res/data/slide15.css"/>
<file href="res/data/slide16.js"/>
<file href="res/data/slide16.css"/>
<file href="res/data/slide17.js"/>
<file href="res/data/slide17.css"/>
<file href="res/data/quiz1.js"/>
<file href="res/data/quiz1/fonts/fnt0.woff"/>
<file href="res/data/quiz1/fonts/fnt1.woff"/>
<file href="res/data/quiz1/fonts/fnt2.woff"/>
<file href="res/data/quiz1/images/quiz_bg_0.png"/>
<file href="res/data/slide19.js"/>
<file href="res/data/slide19.css"/>
<file href="res/data/slide20.js"/>
<file href="res/data/slide20.css"/>
<file href="res/data/slide21.js"/>
<file href="res/data/slide21.css"/>
<file href="res/data/slide22.js"/>
<file href="res/data/slide22.css"/>
<file href="res/data/slide23.js"/>
<file href="res/data/slide23.css"/>
<file href="res/data/slide24.js"/>
<file href="res/data/slide24.css"/>
<file href="res/data/slide25.js"/>
<file href="res/data/slide25.css"/>
<file href="res/data/slide26.js"/>
<file href="res/data/slide26.css"/>
<file href="res/data/slide27.js"/>
<file href="res/data/slide27.css"/>
<file href="res/data/slide28.js"/>
<file href="res/data/slide28.css"/>
<file href="res/data/slide29.js"/>
<file href="res/data/slide29.css"/>
<file href="res/data/slide30.js"/>
<file href="res/data/slide30.css"/>
<file href="res/data/slide31.js"/>
<file href="res/data/slide31.css"/>
<file href="res/data/slide32.js"/>
<file href="res/data/slide32.css"/>
<file href="res/data/slide33.js"/>
<file href="res/data/slide33.css"/>
<file href="res/data/slide34.js"/>
<file href="res/data/slide34.css"/>
<file href="res/data/slide35.js"/>
<file href="res/data/slide35.css"/>
<file href="res/data/slide36.js"/>
<file href="res/data/slide36.css"/>
<file href="res/data/slide37.js"/>
<file href="res/data/slide37.css"/>
<file href="res/data/slide38.js"/>
<file href="res/data/slide38.css"/>
<file href="res/data/slide39.js"/>
<file href="res/data/slide39.css"/>
<file href="res/data/slide40.js"/>
<file href="res/data/slide40.css"/>
<file href="res/data/slide41.js"/>
<file href="res/data/slide41.css"/>
<file href="res/data/quiz2.js"/>
<file href="res/data/quiz2/fonts/fnt0.woff"/>
<file href="res/data/quiz2/fonts/fnt1.woff"/>
<file href="res/data/quiz2/fonts/fnt2.woff"/>
<file href="res/data/quiz2/fonts/fnt3.woff"/>
<file href="res/data/quiz2/fonts/fnt4.woff"/>
<file href="res/data/quiz2/fonts/fnt5.woff"/>
<file href="res/data/quiz2/images/img-4f1f9eec5243631cbc6de0be9b57486e1c0d4938.png"/>
<file href="res/data/quiz2/images/img-8ef6eb1f13bd3819d0ff124f6961a0430709b856.png"/>
<file href="res/data/quiz2/images/img-daecf6ec8d214a14dcbd03368b8d9e641196eaf5.png"/>
<file href="res/data/quiz2/images/quiz_bg_1.png"/>
<file href="res/data/slide43.js"/>
<file href="res/data/slide43.css"/>
<file href="res/data/slide44.js"/>
<file href="res/data/slide44.css"/>
<file href="res/data/slide45.js"/>
<file href="res/data/slide45.css"/>
<file href="res/data/slide46.js"/>
<file href="res/data/slide46.css"/>
<file href="res/data/slide47.js"/>
<file href="res/data/slide47.css"/>
<file href="res/data/slide48.js"/>
<file href="res/data/slide48.css"/>
<file href="res/data/slide49.js"/>
<file href="res/data/slide49.css"/>
<file href="res/data/slide50.js"/>
<file href="res/data/slide50.css"/>
<file href="res/data/slide51.js"/>
<file href="res/data/slide51.css"/>
<file href="res/data/slide52.js"/>
<file href="res/data/slide52.css"/>
<file href="res/data/slide53.js"/>
<file href="res/data/slide53.css"/>
<file href="res/data/slide54.js"/>
<file href="res/data/slide54.css"/>
<file href="res/data/slide55.js"/>
<file href="res/data/slide55.css"/>
<file href="res/data/slide56.js"/>
<file href="res/data/slide56.css"/>
<file href="res/data/slide57.js"/>
<file href="res/data/slide57.css"/>
<file href="res/data/slide58.js"/>
<file href="res/data/slide58.css"/>
<file href="res/data/slide59.js"/>
<file href="res/data/slide59.css"/>
<file href="res/data/slide60.js"/>
<file href="res/data/slide60.css"/>
<file href="res/data/slide61.js"/>
<file href="res/data/slide61.css"/>
<file href="res/data/slide62.js"/>
<file href="res/data/slide62.css"/>
<file href="res/data/slide63.js"/>
<file href="res/data/slide63.css"/>
<file href="res/data/slide64.js"/>
<file href="res/data/slide64.css"/>
<file href="res/data/slide65.js"/>
<file href="res/data/slide65.css"/>
<file href="res/data/slide66.js"/>
<file href="res/data/slide66.css"/>
<file href="res/data/slide67.js"/>
<file href="res/data/slide67.css"/>
<file href="res/data/slide68.js"/>
<file href="res/data/slide68.css"/>
<file href="res/data/slide69.js"/>
<file href="res/data/slide69.css"/>
<file href="res/data/slide70.js"/>
<file href="res/data/slide70.css"/>
<file href="res/data/slide71.js"/>
<file href="res/data/slide71.css"/>
<file href="res/data/slide72.js"/>
<file href="res/data/slide72.css"/>
<file href="res/data/slide73.js"/>
<file href="res/data/slide73.css"/>
<file href="res/data/slide74.js"/>
<file href="res/data/slide74.css"/>
<file href="res/data/slide75.js"/>
<file href="res/data/slide75.css"/>
<file href="res/data/slide76.js"/>
<file href="res/data/slide76.css"/>
<file href="res/data/slide77.js"/>
<file href="res/data/slide77.css"/>
<file href="res/data/slide78.js"/>
<file href="res/data/slide78.css"/>
<file href="res/data/quiz3.js"/>
<file href="res/data/quiz3/fonts/fnt0.woff"/>
<file href="res/data/quiz3/fonts/fnt1.woff"/>
<file href="res/data/quiz3/fonts/fnt2.woff"/>
<file href="res/data/quiz3/fonts/fnt3.woff"/>
<file href="res/data/quiz3/images/img-1299c587024d41cea04a792f055d2e721f07dd82.png"/>
<file href="res/data/quiz3/images/img-b767455aaa4274d91582a8e77afffa971ad0ba20.png"/>
<file href="res/data/quiz3/images/img-eb1c3a883829b3155e77432697bbf6a9fc4a463d.png"/>
<file href="res/data/quiz3/images/quiz_bg_2.png"/>
<file href="res/data/slide80.js"/>
<file href="res/data/slide80.css"/>
<file href="res/data/slide81.js"/>
<file href="res/data/slide81.css"/>
<file href="res/data/slide82.js"/>
<file href="res/data/slide82.css"/>
<file href="res/data/slide83.js"/>
<file href="res/data/slide83.css"/>
<file href="res/data/slide84.js"/>
<file href="res/data/slide84.css"/>
<file href="res/data/quizplayer.js"/>
<file href="res/index.html"/>
<file href="res/data/player.js"/>
<file href="res/data/browsersupport.js"/>
<file href="res/data/apple-touch-icon.png"/>
<file href="res/data/favicon.ico"/>
<file href="res/data/fnt0.woff"/>
<file href="res/data/fnt1.woff"/>
<file href="res/data/fnt10.woff"/>
<file href="res/data/fnt11.woff"/>
<file href="res/data/fnt12.woff"/>
<file href="res/data/fnt13.woff"/>
<file href="res/data/fnt14.woff"/>
<file href="res/data/fnt15.woff"/>
<file href="res/data/fnt16.woff"/>
<file href="res/data/fnt17.woff"/>
<file href="res/data/fnt2.woff"/>
<file href="res/data/fnt3.woff"/>
<file href="res/data/fnt4.woff"/>
<file href="res/data/fnt5.woff"/>
<file href="res/data/fnt6.woff"/>
<file href="res/data/fnt7.woff"/>
<file href="res/data/fnt8.woff"/>
<file href="res/data/fnt9.woff"/>
<file href="res/data/html5-unsupported.html"/>
<file href="res/data/html5.png"/>
<file href="res/data/img0.png"/>
<file href="res/data/img1.png"/>
<file href="res/data/img10.png"/>
<file href="res/data/img11.png"/>
<file href="res/data/img12.png"/>
<file href="res/data/img13.png"/>
<file href="res/data/img14.png"/>
<file href="res/data/img15.png"/>
<file href="res/data/img16.png"/>
<file href="res/data/img17.png"/>
<file href="res/data/img18.png"/>
<file href="res/data/img19.png"/>
<file href="res/data/img2.png"/>
<file href="res/data/img20.png"/>
<file href="res/data/img21.png"/>
<file href="res/data/img22.png"/>
<file href="res/data/img23.png"/>
<file href="res/data/img24.png"/>
<file href="res/data/img25.png"/>
<file href="res/data/img26.png"/>
<file href="res/data/img27.png"/>
<file href="res/data/img28.png"/>
<file href="res/data/img29.png"/>
<file href="res/data/img3.png"/>
<file href="res/data/img30.png"/>
<file href="res/data/img31.png"/>
<file href="res/data/img32.png"/>
<file href="res/data/img33.png"/>
<file href="res/data/img34.png"/>
<file href="res/data/img35.png"/>
<file href="res/data/img36.png"/>
<file href="res/data/img37.png"/>
<file href="res/data/img38.png"/>
<file href="res/data/img39.png"/>
<file href="res/data/img4.png"/>
<file href="res/data/img40.png"/>
<file href="res/data/img41.png"/>
<file href="res/data/img42.png"/>
<file href="res/data/img43.png"/>
<file href="res/data/img44.png"/>
<file href="res/data/img45.png"/>
<file href="res/data/img46.png"/>
<file href="res/data/img47.png"/>
<file href="res/data/img48.png"/>
<file href="res/data/img49.png"/>
<file href="res/data/img5.png"/>
<file href="res/data/img50.png"/>
<file href="res/data/img51.png"/>
<file href="res/data/img52.png"/>
<file href="res/data/img53.png"/>
<file href="res/data/img54.png"/>
<file href="res/data/img55.png"/>
<file href="res/data/img56.png"/>
<file href="res/data/img57.png"/>
<file href="res/data/img58.png"/>
<file href="res/data/img59.png"/>
<file href="res/data/img6.png"/>
<file href="res/data/img60.png"/>
<file href="res/data/img61.png"/>
<file href="res/data/img62.png"/>
<file href="res/data/img63.png"/>
<file href="res/data/img64.png"/>
<file href="res/data/img65.png"/>
<file href="res/data/img66.png"/>
<file href="res/data/img67.png"/>
<file href="res/data/img68.png"/>
<file href="res/data/img7.png"/>
<file href="res/data/img8.png"/>
<file href="res/data/img9.png"/>
<file href="res/data/quiz_bg_0.png"/>
<file href="res/data/quiz_bg_1.png"/>
<file href="res/data/quiz_bg_2.png"/>
</resource>
</resources>
</manifest>
